{"val_loss": [0.16384935356378555, 0.1561932920694351, 0.15281637769937514, 0.15342575299739838, 0.15059782799482346, 0.14822240076065063, 0.14765770996809005, 0.1466517210006714, 0.14575301409959793, 0.14509839398860933], "val_acc": [0.7655, 0.778275, 0.7842, 0.784775, 0.7895, 0.7937, 0.794375, 0.795275, 0.796525, 0.797575], "loss": [0.18994949825093083, 0.1557714784488049, 0.1476767565031583, 0.1434453523172638, 0.14096961806016828, 0.13701338542303174, 0.13381230499102295, 0.13094604938994286, 0.12853851373274147, 0.12649021016207607], "acc": [0.7392932032046068, 0.7786045209505329, 0.7918940134111648, 0.7988873274968105, 0.8031634591098663, 0.8087734803036354, 0.8144054585216072, 0.8185224016566797, 0.8229687002568755, 0.8263857630584164]}