{"val_loss": [0.3738427875995636, 0.37318622534275053, 0.3727169183731079, 0.37239878754615785, 0.3721767672538757, 0.37211582901477813, 0.37183163614273074, 0.371583469247818, 0.3710171175003052, 0.370529471039772], "val_acc": [0.63175, 0.63175, 0.63175, 0.63175, 0.63175, 0.63175, 0.63175, 0.63175, 0.63175, 0.63175], "loss": [0.3757832968739012, 0.37455221982343684, 0.3739549859507393, 0.37355131325253527, 0.3732485364985262, 0.37316667467471226, 0.37285417142743793, 0.37272089802353897, 0.37229081779083334, 0.37199134063997896], "acc": [0.6306388397918387, 0.6306388397859494, 0.6306388397944561, 0.6306388397879125, 0.6306388397898756, 0.6306388397898756, 0.6306388397944561, 0.6306388397879125, 0.6306388397951105, 0.6306388397938018]}