{"val_loss": [0.22138045866489411, 0.16543841954469682, 0.15909160908460618, 0.15588383347988127, 0.1532364639878273, 0.15210155754089355, 0.14971845428943634, 0.14873017518520354, 0.148916688477993, 0.14749640463590621], "val_acc": [0.718775, 0.7629, 0.771875, 0.778225, 0.784, 0.78515, 0.79005, 0.791175, 0.79015, 0.79325], "loss": [0.25138211094499563, 0.17551442375915294, 0.1580309692075342, 0.15103098216246277, 0.14641877811958748, 0.14286539554631938, 0.1402219141954001, 0.13792307294834596, 0.1357220712698799, 0.13397601396913672], "acc": [0.7099613556250748, 0.7471318629455269, 0.7743942604316796, 0.7862181211336632, 0.7936286187956395, 0.7998561814528967, 0.8039209766480441, 0.8078156048580146, 0.8114412594572092, 0.8144548618321162]}